{
  "hash": "64a50b6d",
  "configHash": "09223398",
  "lockfileHash": "415a9ce6",
  "browserHash": "7f176bd3",
  "optimized": {
    "@angular-architects/native-federation": {
      "src": "../../../../../../node_modules/@angular-architects/native-federation/src/index.js",
      "file": "@angular-architects_native-federation.js",
      "fileHash": "b46b80af",
      "needsInterop": false
    },
    "es-module-shims": {
      "src": "../../../../../../node_modules/es-module-shims/dist/es-module-shims.js",
      "file": "es-module-shims.js",
      "fileHash": "e4f21d2f",
      "needsInterop": true
    },
    "zone.js": {
      "src": "../../../../../../node_modules/zone.js/fesm2015/zone.js",
      "file": "zone__js.js",
      "fileHash": "fd84dcce",
      "needsInterop": true
    }
  },
  "chunks": {
    "chunk-Y5RQAIA6": {
      "file": "chunk-Y5RQAIA6.js"
    }
  }
}