{
  "hash": "20b60753",
  "configHash": "928e4817",
  "lockfileHash": "70991478",
  "browserHash": "626ed936",
  "optimized": {
    "@angular-architects/native-federation": {
      "src": "../../../../../../node_modules/@angular-architects/native-federation/src/index.js",
      "file": "@angular-architects_native-federation.js",
      "fileHash": "64ea41f5",
      "needsInterop": false
    },
    "es-module-shims": {
      "src": "../../../../../../node_modules/es-module-shims/dist/es-module-shims.js",
      "file": "es-module-shims.js",
      "fileHash": "9a6b9c71",
      "needsInterop": true
    },
    "zone.js": {
      "src": "../../../../../../node_modules/zone.js/fesm2015/zone.js",
      "file": "zone__js.js",
      "fileHash": "cca49168",
      "needsInterop": true
    }
  },
  "chunks": {
    "chunk-Y5RQAIA6": {
      "file": "chunk-Y5RQAIA6.js"
    }
  }
}