{
  "hash": "fbbb31ba",
  "configHash": "d0ed9086",
  "lockfileHash": "551de193",
  "browserHash": "52f000a8",
  "optimized": {
    "@angular-architects/native-federation": {
      "src": "../../../../../../node_modules/@angular-architects/native-federation/src/index.js",
      "file": "@angular-architects_native-federation.js",
      "fileHash": "4905ae81",
      "needsInterop": false
    },
    "es-module-shims": {
      "src": "../../../../../../node_modules/es-module-shims/dist/es-module-shims.js",
      "file": "es-module-shims.js",
      "fileHash": "d3546712",
      "needsInterop": true
    },
    "zone.js": {
      "src": "../../../../../../node_modules/zone.js/fesm2015/zone.js",
      "file": "zone__js.js",
      "fileHash": "d6378c80",
      "needsInterop": true
    }
  },
  "chunks": {
    "chunk-Y5RQAIA6": {
      "file": "chunk-Y5RQAIA6.js"
    }
  }
}